1/1/2025 7:00,1/1/2025 9:25,511A8
1/8/2025 7:00,1/8/2025 9:25,511A8
1/15/2025 7:00,1/15/2025 9:25,511A8
1/22/2025 7:00,1/22/2025 9:25,511A8
1/29/2025 7:00,1/29/2025 9:25,511A8
2/5/2025 7:00,2/5/2025 9:25,511A8
2/12/2025 7:00,2/12/2025 9:25,511A8
2/19/2025 7:00,2/19/2025 9:25,511A8
2/26/2025 7:00,2/26/2025 9:25,511A8
3/5/2025 7:00,3/5/2025 9:25,511A8
3/12/2025 7:00,3/12/2025 9:25,511A8
3/19/2025 7:00,3/19/2025 9:25,511A8
3/26/2025 7:00,3/26/2025 9:25,511A8
4/2/2025 7:00,4/2/2025 9:25,511A8
4/9/2025 7:00,4/9/2025 9:25,511A8
